user_68904b84c62b9,朝ごはん,$2y$10$mSYF.OmqDeW/HF64NudBh.cLWGPX5qmQ4oDSHik/vONCXqBfeZu/K,2025-08-04
user_68904b9c37bbf,朝ごはん,$2y$10$ztAd4/YQ0toUMsx7C58WfeteUEpi.xgkblGFnFl.vW5mqS.UmnTqC,2025-08-04
user_68904be16c0c1,朝ごはん,$2y$10$FgKR3YPjo6AyKzlZhYyItehmCGHsIk5dPwO.JAsvaK25AkuHTicxS,2025-08-04
user_68904c7eca1d5,朝ごはん,$2y$10$3Cugvz36x2H3./ww40YYju6b/84nXJoarQc3BzXYGwS.QJ8M/hHYG,2025-08-04
user_68904cf181561,朝ごはん,$2y$10$TyKDjPz9Mcm6WH26wamvhO/Y/EMA4gkYnc6x3Z/Ffjyd1diURPWTe,2025-08-04
user_68904cf891ace,朝ごはん,$2y$10$ACja4WG6/inwErXnPiB2wuKUYcbVbY8o3G16mmaniqSNlEr2e.nQy,2025-08-04
user_68904ecc69a21,text,$2y$10$YOamIZcVZT/KoMlIoUWPBOFhiJc832C6H0zVNPdSOnLGQjdu33gz6,2025-08-04
user_68904ee4af678,text,$2y$10$Cnhm3OAPcBKks/el46jFsuLNqEQMSNForm2sm8VWDcXmbiA7Sh5Ee,2025-08-04
user_68904f04d7b7e,text,$2y$10$loqmlveHnwvssJW9lGwAgec8d40KN/Dh.t0e/Ez6QLokCxdvU7oda,2025-08-04
user_68904f0bb0012,text,$2y$10$7X6lBJNknRAWtNRpZXFj8O4Wnh7DAxoKTt2fZzeZnysnYFHmDigKi,2025-08-04
user_6890d6c5af4a1,石井,$2y$10$IYo5g01uOtRz47efx9ZcSug7AroF6YeUSzCJD6wLw9vZB.Ub/9nUO,2025-08-04
